"Date";"Parameter";"value"
2010-07-01;"T_air_mean";21.9085000416771
2010-08-01;"T_air_mean";17.7347318093577
2010-09-01;"T_air_mean";13.1207407407407
2010-10-01;"T_air_mean";8.21617383512545
2010-11-01;"T_air_mean";5.20353842159917
2010-12-01;"T_air_mean";-4.32083333333333
2011-01-01;"T_air_mean";1.39728513688706
2011-02-01;"T_air_mean";3.03907723063973
2011-03-01;"T_air_mean";4.73622759856631
2011-04-01;"T_air_mean";11.6318981481481
2011-05-01;"T_air_mean";14.7015008960573
2011-06-01;"T_air_mean";18.4828240740741
2011-07-01;"T_air_mean";17.5735663082437
2011-08-01;"T_air_mean";18.9308865194596
2011-09-01;"T_air_mean";15.8920138888889
2011-10-01;"T_air_mean";9.70551075268817
2011-11-01;"T_air_mean";3.68976965164465
2011-12-01;"T_air_mean";4.61299283154122
2012-01-01;"T_air_mean";2.05127688172043
2012-02-01;"T_air_mean";-2.68184582625786
2012-03-01;"T_air_mean";6.06246603673346
2012-04-01;"T_air_mean";9.27514367816092
2012-05-01;"T_air_mean";15.7419604454685
2012-06-01;"T_air_mean";16.672962962963
2012-07-01;"T_air_mean";18.3341272378517
2012-08-01;"T_air_mean";19.28143468231
2012-09-01;"T_air_mean";14.8553571428571
2012-10-01;"T_air_mean";8.99688620071685
2012-11-01;"T_air_mean";5.51070857915438
2012-12-01;"T_air_mean";1.49914655237236
2013-01-01;"T_air_mean";0.0513888888888889
2013-02-01;"T_air_mean";-0.169543650793651
2013-03-01;"T_air_mean";-1.34739814814815
2013-04-01;"T_air_mean";9.06710648148148
2013-05-01;"T_air_mean";13.3105986783154
2013-06-01;"T_air_mean";17.0411145320197
2013-07-01;"T_air_mean";20.4347446236559
2013-08-01;"T_air_mean";19.2211917562724
2013-09-01;"T_air_mean";14.0178240740741
2013-10-01;"T_air_mean";11.3371815236735
2013-11-01;"T_air_mean";5.38777395610368
2013-12-01;"T_air_mean";4.25117541933358
2014-01-01;"T_air_mean";1.35347222222222
2014-02-01;"T_air_mean";4.64749503968254
2014-03-01;"T_air_mean";7.02956989247312
2014-04-01;"T_air_mean";11.4818055555556
2014-05-01;"T_air_mean";13.233646953405
2014-06-01;"T_air_mean";16.8603935185185
2014-07-01;"T_air_mean";21.0976478494624
2014-08-01;"T_air_mean";17.3225166775527
2014-09-01;"T_air_mean";16.2084497354497
2014-10-01;"T_air_mean";12.490474444379
2014-11-01;"T_air_mean";6.63226167188315
2014-12-01;"T_air_mean";3.06246396291102
2015-01-01;"T_air_mean";3.24892228897588
2015-02-01;"T_air_mean";1.52403005684256
2015-03-01;"T_air_mean";5.62179864469146
2015-04-01;"T_air_mean";8.46530092592593
2015-05-01;"T_air_mean";13.4570116487455
2015-06-01;"T_air_mean";16.890787037037
2015-07-01;"T_air_mean";20.6640905017921
2015-08-01;"T_air_mean";21.9070015890728
2015-09-01;"T_air_mean";14.0654133597884
2015-10-01;"T_air_mean";8.40793010752688
2015-11-01;"T_air_mean";7.99611111111111
2015-12-01;"T_air_mean";7.13594460932685
2016-01-01;"T_air_mean";0.323790322580645
2016-02-01;"T_air_mean";3.90428639846743
2016-03-01;"T_air_mean";4.73714157706093
2016-04-01;"T_air_mean";8.48594618055555
2016-05-01;"T_air_mean";15.266353046595
2016-06-01;"T_air_mean";19.0843820164537
2016-07-01;"T_air_mean";20.1900761648746
2016-08-01;"T_air_mean";18.7540770609319
2016-09-01;"T_air_mean";18.0089351851852
2016-10-01;"T_air_mean";9.4385976702509
2016-11-01;"T_air_mean";4.12485532407407
2016-12-01;"T_air_mean";2.70098566308244
2017-01-01;"T_air_mean";-2.47389672939068
2017-02-01;"T_air_mean";2.62991071428571
2017-03-01;"T_air_mean";7.38517025089606
2017-04-01;"T_air_mean";8.02594907407407
2017-05-01;"T_air_mean";15.1339157706093
2017-06-01;"T_air_mean";18.6393287037037
2017-07-01;"T_air_mean";19.733474877207
2017-08-01;"T_air_mean";19.3732302867384
2010-07-01;"T_air_min";9.1
2010-08-01;"T_air_min";9
2010-09-01;"T_air_min";3.2
2010-10-01;"T_air_min";-1.4
2010-11-01;"T_air_min";-11
2010-12-01;"T_air_min";-19.3
2011-01-01;"T_air_min";-9.9
2011-02-01;"T_air_min";-6.5
2011-03-01;"T_air_min";-8.7
2011-04-01;"T_air_min";-0.9
2011-05-01;"T_air_min";-2.6
2011-06-01;"T_air_min";6.7
2011-07-01;"T_air_min";6.4
2011-08-01;"T_air_min";6.6
2011-09-01;"T_air_min";4.8
2011-10-01;"T_air_min";-3.7
2011-11-01;"T_air_min";-5.4
2011-12-01;"T_air_min";-3.7
2012-01-01;"T_air_min";-10.5
2012-02-01;"T_air_min";-20.7
2012-03-01;"T_air_min";-5.1
2012-04-01;"T_air_min";-2.9
2012-05-01;"T_air_min";0.1
2012-06-01;"T_air_min";2.4
2012-07-01;"T_air_min";9.6
2012-08-01;"T_air_min";4.9
2012-09-01;"T_air_min";3.3
2012-10-01;"T_air_min";-4.8
2012-11-01;"T_air_min";-4.5
2012-12-01;"T_air_min";-16.1
2013-01-01;"T_air_min";-20
2013-02-01;"T_air_min";-7.9
2013-03-01;"T_air_min";-19.3
2013-04-01;"T_air_min";-4.4
2013-05-01;"T_air_min";1.3
2013-06-01;"T_air_min";3.5
2013-07-01;"T_air_min";9.2
2013-08-01;"T_air_min";7.2
2013-09-01;"T_air_min";1.7
2013-10-01;"T_air_min";-1.5
2013-11-01;"T_air_min";-5.8
2013-12-01;"T_air_min";-3.9
2014-01-01;"T_air_min";-13.4
2014-02-01;"T_air_min";-5.2
2014-03-01;"T_air_min";-3.8
2014-04-01;"T_air_min";-2.3
2014-05-01;"T_air_min";-0.8
2014-06-01;"T_air_min";3.5
2014-07-01;"T_air_min";6.6
2014-08-01;"T_air_min";6.2
2014-09-01;"T_air_min";3.8
2014-10-01;"T_air_min";0.1
2014-11-01;"T_air_min";-1.6
2014-12-01;"T_air_min";-8.3
2015-01-01;"T_air_min";-5
2015-02-01;"T_air_min";-7.8
2015-03-01;"T_air_min";-5.4
2015-04-01;"T_air_min";-4.2
2015-05-01;"T_air_min";-0.5
2015-06-01;"T_air_min";4.2
2015-07-01;"T_air_min";6.5
2015-08-01;"T_air_min";7.3
2015-09-01;"T_air_min";0
2015-10-01;"T_air_min";-2.5
2015-11-01;"T_air_min";-3.9
2015-12-01;"T_air_min";-3.3
2016-01-01;"T_air_min";-14.8
2016-02-01;"T_air_min";-4.9
2016-03-01;"T_air_min";-4.4
2016-04-01;"T_air_min";-1.4
2016-05-01;"T_air_min";1.2
2016-06-01;"T_air_min";9.1
2016-07-01;"T_air_min";7.2
2016-08-01;"T_air_min";5.8
2016-09-01;"T_air_min";6.1
2016-10-01;"T_air_min";1
2016-11-01;"T_air_min";-6.4
2016-12-01;"T_air_min";-7.4
2017-01-01;"T_air_min";-15.5
2017-02-01;"T_air_min";-7.1
2017-03-01;"T_air_min";-2
2017-04-01;"T_air_min";-4.4
2017-05-01;"T_air_min";0
2017-06-01;"T_air_min";6.2
2017-07-01;"T_air_min";9.8
2017-08-01;"T_air_min";5.9
2010-07-01;"T_air_max";38.9
2010-08-01;"T_air_max";30.1
2010-09-01;"T_air_max";25.5
2010-10-01;"T_air_max";19.7
2010-11-01;"T_air_max";18
2010-12-01;"T_air_max";4.1
2011-01-01;"T_air_max";12.5
2011-02-01;"T_air_max";11
2011-03-01;"T_air_max";18.9
2011-04-01;"T_air_max";26.4
2011-05-01;"T_air_max";32.5
2011-06-01;"T_air_max";32.8
2011-07-01;"T_air_max";30.8
2011-08-01;"T_air_max";32.7
2011-09-01;"T_air_max";30.3
2011-10-01;"T_air_max";27
2011-11-01;"T_air_max";15.8
2011-12-01;"T_air_max";13.6
2012-01-01;"T_air_max";12
2012-02-01;"T_air_max";10.7
2012-03-01;"T_air_max";21.8
2012-04-01;"T_air_max";32.2
2012-05-01;"T_air_max";31.8
2012-06-01;"T_air_max";32.6
2012-07-01;"T_air_max";29.1
2012-08-01;"T_air_max";38
2012-09-01;"T_air_max";31.4
2012-10-01;"T_air_max";23.9
2012-11-01;"T_air_max";12.9
2012-12-01;"T_air_max";14.4
2013-01-01;"T_air_max";12.7
2013-02-01;"T_air_max";7.7
2013-03-01;"T_air_max";11.3
2013-04-01;"T_air_max";25.6
2013-05-01;"T_air_max";25.6
2013-06-01;"T_air_max";33.8
2013-07-01;"T_air_max";36.8
2013-08-01;"T_air_max";36.5
2013-09-01;"T_air_max";30.2
2013-10-01;"T_air_max";23.7
2013-11-01;"T_air_max";16.5
2013-12-01;"T_air_max";11.5
2014-01-01;"T_air_max";12.8
2014-02-01;"T_air_max";15.4
2014-03-01;"T_air_max";21.5
2014-04-01;"T_air_max";24.7
2014-05-01;"T_air_max";30.4
2014-06-01;"T_air_max";35.5
2014-07-01;"T_air_max";37.8
2014-08-01;"T_air_max";32.7
2014-09-01;"T_air_max";30.2
2014-10-01;"T_air_max";24.7
2014-11-01;"T_air_max";19.1
2014-12-01;"T_air_max";13.2
2015-01-01;"T_air_max";14.9
2015-02-01;"T_air_max";11.9
2015-03-01;"T_air_max";17.9
2015-04-01;"T_air_max";22.9
2015-05-01;"T_air_max";27.8
2015-06-01;"T_air_max";32.3
2015-07-01;"T_air_max";39
2015-08-01;"T_air_max";39
2015-09-01;"T_air_max";30.1
2015-10-01;"T_air_max";22.3
2015-11-01;"T_air_max";19.4
2015-12-01;"T_air_max";15.1
2016-01-01;"T_air_max";11.8
2016-02-01;"T_air_max";13.1
2016-03-01;"T_air_max";17.1
2016-04-01;"T_air_max";22.1
2016-05-01;"T_air_max";30.8
2016-06-01;"T_air_max";35.4
2016-07-01;"T_air_max";33.7
2016-08-01;"T_air_max";36.2
2016-09-01;"T_air_max";34.6
2016-10-01;"T_air_max";20.6
2016-11-01;"T_air_max";16.1
2016-12-01;"T_air_max";11.7
2017-01-01;"T_air_max";7.9
2017-02-01;"T_air_max";14.2
2017-03-01;"T_air_max";24.1
2017-04-01;"T_air_max";23.4
2017-05-01;"T_air_max";31.7
2017-06-01;"T_air_max";32.7
2017-07-01;"T_air_max";33.2
2017-08-01;"T_air_max";33
2010-07-01;"humidity_rel";66.9844336084021
2010-08-01;"humidity_rel";81.8678046653586
2010-09-01;"humidity_rel";83.1231481481481
2010-10-01;"humidity_rel";84.413082437276
2010-11-01;"humidity_rel";91.5176228798892
2010-12-01;"humidity_rel";92.1265681003584
2011-01-01;"humidity_rel";91.7177943643712
2011-02-01;"humidity_rel";84.8474852693603
2011-03-01;"humidity_rel";77.0745967741936
2011-04-01;"humidity_rel";73.9053240740741
2011-05-01;"humidity_rel";66.464605734767
2011-06-01;"humidity_rel";67.5171296296296
2011-07-01;"humidity_rel";75.9381720430108
2011-08-01;"humidity_rel";79.2139216575923
2011-09-01;"humidity_rel";81.5266203703704
2011-10-01;"humidity_rel";86.144041218638
2011-11-01;"humidity_rel";91.6139504014504
2011-12-01;"humidity_rel";86.3971134152586
2012-01-01;"humidity_rel";88.4556451612903
2012-02-01;"humidity_rel";83.9967002057686
2012-03-01;"humidity_rel";79.6971994535519
2012-04-01;"humidity_rel";72.3300150519978
2012-05-01;"humidity_rel";65.7761200716846
2012-06-01;"humidity_rel";76.062037037037
2012-07-01;"humidity_rel";80.6215277777778
2012-08-01;"humidity_rel";71.2107534065652
2012-09-01;"humidity_rel";74.7106646825397
2012-10-01;"humidity_rel";84.5064964157706
2012-11-01;"humidity_rel";91.3702454113405
2012-12-01;"humidity_rel";89.5990174699852
2013-01-01;"humidity_rel";89.8960573476703
2013-02-01;"humidity_rel";93.1603663976776
2013-03-01;"humidity_rel";83.8963955026455
2013-04-01;"humidity_rel";77.3034722222222
2013-05-01;"humidity_rel";82.5558635752688
2013-06-01;"humidity_rel";79.1278735632184
2013-07-01;"humidity_rel";71.4240591397849
2013-08-01;"humidity_rel";72.1323924731183
2013-09-01;"humidity_rel";82.7483796296296
2013-10-01;"humidity_rel";83.8524873424067
2013-11-01;"humidity_rel";92.1589481796273
2013-12-01;"humidity_rel";88.8807534653308
2014-01-01;"humidity_rel";91.7802419354839
2014-02-01;"humidity_rel";82.2802579365079
2014-03-01;"humidity_rel";82.4648297491039
2014-04-01;"humidity_rel";79.4266203703704
2014-05-01;"humidity_rel";79.5804211469534
2014-06-01;"humidity_rel";73.5592592592593
2014-07-01;"humidity_rel";73.9326507484714
2014-08-01;"humidity_rel";78.9707217736842
2014-09-01;"humidity_rel";86.9537962962963
2014-10-01;"humidity_rel";90.2710955690945
2014-11-01;"humidity_rel";93.161427360459
2014-12-01;"humidity_rel";90.0192067944522
2015-01-01;"humidity_rel";89.3356449984765
2015-02-01;"humidity_rel";87.0028890497641
2015-03-01;"humidity_rel";80.8895811382545
2015-04-01;"humidity_rel";73.3634259259259
2015-05-01;"humidity_rel";68.323252688172
2015-06-01;"humidity_rel";70.8340277777778
2015-07-01;"humidity_rel";68.8812724014337
2015-08-01;"humidity_rel";71.7112134567282
2015-09-01;"humidity_rel";81.9979166666667
2015-10-01;"humidity_rel";89.929435483871
2015-11-01;"humidity_rel";87.3833333333333
2015-12-01;"humidity_rel";87.594258800063
2016-01-01;"humidity_rel";90.2181899641577
2016-02-01;"humidity_rel";86.1970785440613
2016-03-01;"humidity_rel";85.2520161290323
2016-04-01;"humidity_rel";77.9498842592593
2016-05-01;"humidity_rel";71.0846774193548
2016-06-01;"humidity_rel";76.4691148720394
2016-07-01;"humidity_rel";71.5454749103943
2016-08-01;"humidity_rel";73.4186827956989
2016-09-01;"humidity_rel";73.7053240740741
2016-10-01;"humidity_rel";92.6861559139785
2016-11-01;"humidity_rel";91.4179398148148
2016-12-01;"humidity_rel";91.6319444444444
2017-01-01;"humidity_rel";90.9115703405018
2017-02-01;"humidity_rel";86.2688492063492
2017-03-01;"humidity_rel";80.2457437275986
2017-04-01;"humidity_rel";77.3599537037037
2017-05-01;"humidity_rel";73.4323476702509
2017-06-01;"humidity_rel";72.312962962963
2017-07-01;"humidity_rel";76.4158784680738
2017-08-01;"humidity_rel";75.3203405017921
2010-07-01;"wind_speed_mean";1.06310119196466
2010-08-01;"wind_speed_mean";1.84475168436679
2010-09-01;"wind_speed_mean";1.98090277777778
2010-10-01;"wind_speed_mean";1.90526433691756
2010-11-01;"wind_speed_mean";2.81671274662513
2010-12-01;"wind_speed_mean";3.03266129032258
2011-01-01;"wind_speed_mean";2.50762697323267
2011-02-01;"wind_speed_mean";4.77033564814815
2011-03-01;"wind_speed_mean";2.02994623655914
2011-04-01;"wind_speed_mean";1.96594907407407
2011-05-01;"wind_speed_mean";1.47087813620072
2011-06-01;"wind_speed_mean";1.69712962962963
2011-07-01;"wind_speed_mean";1.96402329749104
2011-08-01;"wind_speed_mean";1.34028786045574
2011-09-01;"wind_speed_mean";1.0912962962963
2011-10-01;"wind_speed_mean";2.08165322580645
2011-11-01;"wind_speed_mean";1.38437580937581
2011-12-01;"wind_speed_mean";5.02715373783922
2012-01-01;"wind_speed_mean";4.63109318996416
2012-02-01;"wind_speed_mean";3.46912126417332
2012-03-01;"wind_speed_mean";2.83344888433516
2012-04-01;"wind_speed_mean";2.49171045429666
2012-05-01;"wind_speed_mean";2.22160714285714
2012-06-01;"wind_speed_mean";1.98798611111111
2012-07-01;"wind_speed_mean";2.08915618783745
2012-08-01;"wind_speed_mean";1.30953465390579
2012-09-01;"wind_speed_mean";1.76964285714286
2012-10-01;"wind_speed_mean";2.05221774193548
2012-11-01;"wind_speed_mean";1.94942682726975
2012-12-01;"wind_speed_mean";2.92849666014989
2013-01-01;"wind_speed_mean";3.29464605734767
2013-02-01;"wind_speed_mean";2.57415940928944
2013-03-01;"wind_speed_mean";2.9222294973545
2013-04-01;"wind_speed_mean";2.21578703703704
2013-05-01;"wind_speed_mean";2.23602430555556
2013-06-01;"wind_speed_mean";2.0060337985769
2013-07-01;"wind_speed_mean";1.51827956989247
2013-08-01;"wind_speed_mean";1.68763440860215
2013-09-01;"wind_speed_mean";2.53930555555556
2013-10-01;"wind_speed_mean";2.33833276938116
2013-11-01;"wind_speed_mean";2.78447114557941
2013-12-01;"wind_speed_mean";3.45128053503059
2014-01-01;"wind_speed_mean";2.84258512544803
2014-02-01;"wind_speed_mean";2.7671378968254
2014-03-01;"wind_speed_mean";2.32401433691756
2014-04-01;"wind_speed_mean";1.84729166666667
2014-05-01;"wind_speed_mean";1.88629032258065
2014-06-01;"wind_speed_mean";1.55233796296296
2014-07-01;"wind_speed_mean";1.05885515496521
2014-08-01;"wind_speed_mean";1.63389810342047
2014-09-01;"wind_speed_mean";1.13208796296296
2014-10-01;"wind_speed_mean";1.26416624970567
2014-11-01;"wind_speed_mean";1.55506520605112
2014-12-01;"wind_speed_mean";3.87041744584697
2015-01-01;"wind_speed_mean";4.395247494412
2015-02-01;"wind_speed_mean";2.56660834942085
2015-03-01;"wind_speed_mean";3.25434948329879
2015-04-01;"wind_speed_mean";2.54650462962963
2015-05-01;"wind_speed_mean";2.11523297491039
2015-06-01;"wind_speed_mean";1.90180555555556
2015-07-01;"wind_speed_mean";2.39807347670251
2015-08-01;"wind_speed_mean";1.69306213166668
2015-09-01;"wind_speed_mean";2.0705753968254
2015-10-01;"wind_speed_mean";1.54961917562724
2015-11-01;"wind_speed_mean";3.815
2015-12-01;"wind_speed_mean";3.3368143216249
2016-01-01;"wind_speed_mean";2.94285394265233
2016-02-01;"wind_speed_mean";3.83800287356322
2016-03-01;"wind_speed_mean";2.47945788530466
2016-04-01;"wind_speed_mean";2.22903935185185
2016-05-01;"wind_speed_mean";2.43039874551971
2016-06-01;"wind_speed_mean";1.1610510156833
2016-07-01;"wind_speed_mean";1.67735215053763
2016-08-01;"wind_speed_mean";1.55147849462366
2016-09-01;"wind_speed_mean";1.44398148148148
2016-10-01;"wind_speed_mean";1.82430555555556
2016-11-01;"wind_speed_mean";2.4962181712963
2016-12-01;"wind_speed_mean";3.13223566308244
2017-01-01;"wind_speed_mean";2.70174731182796
2017-02-01;"wind_speed_mean";3.33670634920635
2017-03-01;"wind_speed_mean";2.90295698924731
2017-04-01;"wind_speed_mean";2.92194444444444
2017-05-01;"wind_speed_mean";1.97806899641577
2017-06-01;"wind_speed_mean";2.38159722222222
2017-07-01;"wind_speed_mean";2.26127522235497
2017-08-01;"wind_speed_mean";1.797020609319
2010-07-01;"wind_speed_max";16.8
2010-08-01;"wind_speed_max";14
2010-09-01;"wind_speed_max";15.2
2010-10-01;"wind_speed_max";19.2
2010-11-01;"wind_speed_max";21.3
2010-12-01;"wind_speed_max";19.4
2011-01-01;"wind_speed_max";14.4
2011-02-01;"wind_speed_max";22.5
2011-03-01;"wind_speed_max";15.4
2011-04-01;"wind_speed_max";20.9
2011-05-01;"wind_speed_max";17.8
2011-06-01;"wind_speed_max";18.4
2011-07-01;"wind_speed_max";14
2011-08-01;"wind_speed_max";19.9
2011-09-01;"wind_speed_max";17.4
2011-10-01;"wind_speed_max";17.3
2011-11-01;"wind_speed_max";18.2
2011-12-01;"wind_speed_max";24.7
2012-01-01;"wind_speed_max";23.1
2012-02-01;"wind_speed_max";15.9
2012-03-01;"wind_speed_max";12.9
2012-04-01;"wind_speed_max";15.1
2012-05-01;"wind_speed_max";16
2012-06-01;"wind_speed_max";16.5
2012-07-01;"wind_speed_max";19.4
2012-08-01;"wind_speed_max";15.3
2012-09-01;"wind_speed_max";13.9
2012-10-01;"wind_speed_max";21.9
2012-11-01;"wind_speed_max";13.6
2012-12-01;"wind_speed_max";18.4
2013-01-01;"wind_speed_max";21.7
2013-02-01;"wind_speed_max";18.5
2013-03-01;"wind_speed_max";14.7
2013-04-01;"wind_speed_max";15.3
2013-05-01;"wind_speed_max";14.2
2013-06-01;"wind_speed_max";23.6
2013-07-01;"wind_speed_max";12.2
2013-08-01;"wind_speed_max";19.5
2013-09-01;"wind_speed_max";14.3
2013-10-01;"wind_speed_max";20.9
2013-11-01;"wind_speed_max";15.2
2013-12-01;"wind_speed_max";23.3
2014-01-01;"wind_speed_max";22.1
2014-02-01;"wind_speed_max";17
2014-03-01;"wind_speed_max";20.1
2014-04-01;"wind_speed_max";18.6
2014-05-01;"wind_speed_max";14.2
2014-06-01;"wind_speed_max";12.8
2014-07-01;"wind_speed_max";14.2
2014-08-01;"wind_speed_max";19
2014-09-01;"wind_speed_max";12.8
2014-10-01;"wind_speed_max";14.6
2014-11-01;"wind_speed_max";10.4
2014-12-01;"wind_speed_max";19.5
2015-01-01;"wind_speed_max";24.9
2015-02-01;"wind_speed_max";14.1
2015-03-01;"wind_speed_max";25.8
2015-04-01;"wind_speed_max";20.5
2015-05-01;"wind_speed_max";18.8
2015-06-01;"wind_speed_max";15.1
2015-07-01;"wind_speed_max";32.6
2015-08-01;"wind_speed_max";14.7
2015-09-01;"wind_speed_max";16.5
2015-10-01;"wind_speed_max";10
2015-11-01;"wind_speed_max";24
2015-12-01;"wind_speed_max";18.9
2016-01-01;"wind_speed_max";19.6
2016-02-01;"wind_speed_max";23.3
2016-03-01;"wind_speed_max";15.4
2016-04-01;"wind_speed_max";13.8
2016-05-01;"wind_speed_max";15.3
2016-06-01;"wind_speed_max";15.3
2016-07-01;"wind_speed_max";14.6
2016-08-01;"wind_speed_max";14.5
2016-09-01;"wind_speed_max";13.8
2016-10-01;"wind_speed_max";14.5
2016-11-01;"wind_speed_max";15.2
2016-12-01;"wind_speed_max";19
2017-01-01;"wind_speed_max";21.3
2017-02-01;"wind_speed_max";22.6
2017-03-01;"wind_speed_max";23.4
2017-04-01;"wind_speed_max";16.9
2017-05-01;"wind_speed_max";21.9
2017-06-01;"wind_speed_max";15.7
2017-07-01;"wind_speed_max";17.5
2017-08-01;"wind_speed_max";14.4
2010-07-01;"wind_direction";198.583015545553
2010-08-01;"wind_direction";216.694576183209
2010-09-01;"wind_direction";206.616203703704
2010-10-01;"wind_direction";156.45564516129
2010-11-01;"wind_direction";168.808277085497
2010-12-01;"wind_direction";193.489247311828
2011-01-01;"wind_direction";206.3893702814
2011-02-01;"wind_direction";224.335911195286
2011-03-01;"wind_direction";185.786917562724
2011-04-01;"wind_direction";181.471296296296
2011-05-01;"wind_direction";180.309811827957
2011-06-01;"wind_direction";198.699305555556
2011-07-01;"wind_direction";214.961917562724
2011-08-01;"wind_direction";195.912111816899
2011-09-01;"wind_direction";192.752314814815
2011-10-01;"wind_direction";185.019041218638
2011-11-01;"wind_direction";145.233689458689
2011-12-01;"wind_direction";222.627720174091
2012-01-01;"wind_direction";211.7979390681
2012-02-01;"wind_direction";209.457922301003
2012-03-01;"wind_direction";207.735435640559
2012-04-01;"wind_direction";179.506027640941
2012-05-01;"wind_direction";168.733576548899
2012-06-01;"wind_direction";197.459259259259
2012-07-01;"wind_direction";195.861983606849
2012-08-01;"wind_direction";184.232293321043
2012-09-01;"wind_direction";209.352529761905
2012-10-01;"wind_direction";185.617607526882
2012-11-01;"wind_direction";176.197765077024
2012-12-01;"wind_direction";190.072156114495
2013-01-01;"wind_direction";178.071012544803
2013-02-01;"wind_direction";153.868553251838
2013-03-01;"wind_direction";141.365013227513
2013-04-01;"wind_direction";170.407175925926
2013-05-01;"wind_direction";180.545698924731
2013-06-01;"wind_direction";194.284017515052
2013-07-01;"wind_direction";200.82773297491
2013-08-01;"wind_direction";181.270609318996
2013-09-01;"wind_direction";202.50462962963
2013-10-01;"wind_direction";174.297315587638
2013-11-01;"wind_direction";193.137877095564
2013-12-01;"wind_direction";201.872438033217
2014-01-01;"wind_direction";145.772177419355
2014-02-01;"wind_direction";175.933283730159
2014-03-01;"wind_direction";175.918682795699
2014-04-01;"wind_direction";159.903703703704
2014-05-01;"wind_direction";193.738575268817
2014-06-01;"wind_direction";223.793287037037
2014-07-01;"wind_direction";194.044315306768
2014-08-01;"wind_direction";206.644266346316
2014-09-01;"wind_direction";180.492156084656
2014-10-01;"wind_direction";175.260017079049
2014-11-01;"wind_direction";140.954264475743
2014-12-01;"wind_direction";198.525167523765
2015-01-01;"wind_direction";208.081921795883
2015-02-01;"wind_direction";196.075638138138
2015-03-01;"wind_direction";183.414942294139
2015-04-01;"wind_direction";226.68287037037
2015-05-01;"wind_direction";213.925627240143
2015-06-01;"wind_direction";196.342361111111
2015-07-01;"wind_direction";206.688844086022
2015-08-01;"wind_direction";170.599150977843
2015-09-01;"wind_direction";187.772749042146
2015-10-01;"wind_direction";147.074372759857
2015-11-01;"wind_direction";218.734490740741
2015-12-01;"wind_direction";196.236339831913
2016-01-01;"wind_direction";179.995519713262
2016-02-01;"wind_direction";195.221264367816
2016-03-01;"wind_direction";177.296594982079
2016-04-01;"wind_direction";197.536255787037
2016-05-01;"wind_direction";172.025761648746
2016-06-01;"wind_direction";199.834894525586
2016-07-01;"wind_direction";211.977822580645
2016-08-01;"wind_direction";209.344758064516
2016-09-01;"wind_direction";175.930787037037
2016-10-01;"wind_direction";176.766129032258
2016-11-01;"wind_direction";181.055237268519
2016-12-01;"wind_direction";210.226254480287
2017-01-01;"wind_direction";198.892585125448
2017-02-01;"wind_direction";154.61755952381
2017-03-01;"wind_direction";196.762768817204
2017-04-01;"wind_direction";221.750462962963
2017-05-01;"wind_direction";174.862903225806
2017-06-01;"wind_direction";210.291435185185
2017-07-01;"wind_direction";204.811803066507
2017-08-01;"wind_direction";200.543682795699
2010-07-01;"radiation";282.771240726848
2010-08-01;"radiation";172.631381725788
2010-09-01;"radiation";142.675
2010-10-01;"radiation";96.7999103942652
2010-11-01;"radiation";32.5499764191762
2010-12-01;"radiation";29.5905913978495
2011-01-01;"radiation";31.9434053992221
2011-02-01;"radiation";44.5398663720539
2011-03-01;"radiation";145.019265232975
2011-04-01;"radiation";198.73349537037
2011-05-01;"radiation";275.537208781362
2011-06-01;"radiation";267.106319444444
2011-07-01;"radiation";193.536290322581
2011-08-01;"radiation";183.33335677556
2011-09-01;"radiation";155.059143518519
2011-10-01;"radiation";94.7637992831541
2011-11-01;"radiation";52.7045116226366
2011-12-01;"radiation";21.6316564260113
2012-01-01;"radiation";28.8439292114695
2012-02-01;"radiation";61.4342521087159
2012-03-01;"radiation";93.4387858606557
2012-04-01;"radiation";166.668920361248
2012-05-01;"radiation";246.975891577061
2012-06-01;"radiation";206.338356481481
2012-07-01;"radiation";196.638248836672
2012-08-01;"radiation";202.264480920858
2012-09-01;"radiation";141.453149801587
2012-10-01;"radiation";80.2812948028674
2012-11-01;"radiation";34.6165189691904
2012-12-01;"radiation";27.5720489635812
2013-01-01;"radiation";26.6182347670251
2013-02-01;"radiation";45.6237747350059
2013-03-01;"radiation";106.398429232804
2013-04-01;"radiation";149.738796296296
2013-05-01;"radiation";179.499815188172
2013-06-01;"radiation";229.024033251232
2013-07-01;"radiation";258.353382616487
2013-08-01;"radiation";199.001411290323
2013-09-01;"radiation";115.579583333333
2013-10-01;"radiation";78.2100978770334
2013-11-01;"radiation";32.2099531508882
2013-12-01;"radiation";25.1781364498062
2014-01-01;"radiation";28.8115815412186
2014-02-01;"radiation";71.3798115079365
2014-03-01;"radiation";116.675739247312
2014-04-01;"radiation";180.076689814815
2014-05-01;"radiation";202.117495519713
2014-06-01;"radiation";240.20900462963
2014-07-01;"radiation";222.879136358845
2014-08-01;"radiation";177.619092568385
2014-09-01;"radiation";112.651248015873
2014-10-01;"radiation";80.7320660580671
2014-11-01;"radiation";38.5906660798122
2014-12-01;"radiation";19.2382645706717
2015-01-01;"radiation";27.0630081534822
2015-02-01;"radiation";73.8374215733591
2015-03-01;"radiation";104.793983070854
2015-04-01;"radiation";186.115671296296
2015-05-01;"radiation";230.841913082437
2015-06-01;"radiation";223.419444444444
2015-07-01;"radiation";245.549372759857
2015-08-01;"radiation";213.783372207037
2015-09-01;"radiation";136.922367724868
2015-10-01;"radiation";74.2651657706093
2015-11-01;"radiation";38.9850462962963
2015-12-01;"radiation";29.8097230006849
2016-01-01;"radiation";32.7121863799283
2016-02-01;"radiation";57.2681513409962
2016-03-01;"radiation";92.4477822580645
2016-04-01;"radiation";174.141116898148
2016-05-01;"radiation";234.201344086021
2016-06-01;"radiation";253.678870349572
2016-07-01;"radiation";215.620228494624
2016-08-01;"radiation";205.730376344086
2016-09-01;"radiation";156.416527777778
2016-10-01;"radiation";52.2656810035842
2016-11-01;"radiation";39.3243287037037
2016-12-01;"radiation";31.0698700716846
2017-01-01;"radiation";40.7569836469534
2017-02-01;"radiation";56.3430555555556
2017-03-01;"radiation";115.597849462366
2017-04-01;"radiation";155.155347222222
2017-05-01;"radiation";227.954166666667
2017-06-01;"radiation";250.926157407407
2017-07-01;"radiation";210.302652495686
2017-08-01;"radiation";202.242181899642
2010-07-01;"pressure_air";1006.84330978578
2010-08-01;"pressure_air";1001.9512986442
2010-09-01;"pressure_air";1004.45840277778
2010-10-01;"pressure_air";1004.2226702509
2010-11-01;"pressure_air";994.085002812392
2010-12-01;"pressure_air";998.953853046595
2011-01-01;"pressure_air";1005.8234547777
2011-02-01;"pressure_air";1007.63075441919
2011-03-01;"pressure_air";1010.51467741935
2011-04-01;"pressure_air";1006.92509259259
2011-05-01;"pressure_air";1007.61326164875
2011-06-01;"pressure_air";1004.53979166667
2011-07-01;"pressure_air";998.143503584229
2011-08-01;"pressure_air";1000.67005469853
2011-09-01;"pressure_air";1003.3156712963
2011-10-01;"pressure_air";1005.55114247312
2011-11-01;"pressure_air";1007.39009615385
2011-12-01;"pressure_air";995.556304403482
2012-01-01;"pressure_air";1002.03319892473
2012-02-01;"pressure_air";1010.40453390313
2012-03-01;"pressure_air";1010.29833124621
2012-04-01;"pressure_air";991.501271893815
2012-05-01;"pressure_air";1001.59038914491
2012-06-01;"pressure_air";999.224027777778
2012-07-01;"pressure_air";999.184801923487
2012-08-01;"pressure_air";1002.73198305255
2012-09-01;"pressure_air";1000.46171130952
2012-10-01;"pressure_air";997.667226702509
2012-11-01;"pressure_air";997.139790232711
2012-12-01;"pressure_air";995.041651157982
2013-01-01;"pressure_air";997.281877240143
2013-02-01;"pressure_air";998.595492103441
2013-03-01;"pressure_air";995.107158068783
2013-04-01;"pressure_air";999.853611111111
2013-05-01;"pressure_air";994.718915210573
2013-06-01;"pressure_air";1001.70689997263
2013-07-01;"pressure_air";1009.78485663082
2013-08-01;"pressure_air";1008.25629480287
2013-09-01;"pressure_air";1004.71430555556
2013-10-01;"pressure_air";1005.59848469183
2013-11-01;"pressure_air";1003.13381771538
2013-12-01;"pressure_air";1007.68114769071
2014-01-01;"pressure_air";998.683602150538
2014-02-01;"pressure_air";997.227802579365
2014-03-01;"pressure_air";1005.07688172043
2014-04-01;"pressure_air";1003.02395833333
2014-05-01;"pressure_air";1003.84688620072
2014-06-01;"pressure_air";1005.51418981481
2014-07-01;"pressure_air";1002.38322000843
2014-08-01;"pressure_air";1001.17264156527
2014-09-01;"pressure_air";1005.84716931217
2014-10-01;"pressure_air";1004.45172822156
2014-11-01;"pressure_air";1001.16446857068
2014-12-01;"pressure_air";1003.33323398784
2015-01-01;"pressure_air";999.751237224932
2015-02-01;"pressure_air";1002.7498525311
2015-03-01;"pressure_air";1005.68293586416
2015-04-01;"pressure_air";1005.90231481481
2015-05-01;"pressure_air";1002.73030913978
2015-06-01;"pressure_air";1006.60506944444
2015-07-01;"pressure_air";1004.70730286738
2015-08-01;"pressure_air";1006.02880761811
2015-09-01;"pressure_air";1006.65829228243
2015-10-01;"pressure_air";1007.77632168459
2015-11-01;"pressure_air";1003.64365740741
2015-12-01;"pressure_air";1012.7269587347
2016-01-01;"pressure_air";1000.04549731183
2016-02-01;"pressure_air";997.523826628352
2016-03-01;"pressure_air";1001.96565860215
2016-04-01;"pressure_air";1000.14376446759
2016-05-01;"pressure_air";1002.26559139785
2016-06-01;"pressure_air";1002.45596154154
2016-07-01;"pressure_air";1004.43254928315
2016-08-01;"pressure_air";1006.52672491039
2016-09-01;"pressure_air";1005.47958333333
2016-10-01;"pressure_air";1006.58048835125
2016-11-01;"pressure_air";1001.12962962963
2016-12-01;"pressure_air";1012.28481481481
2017-01-01;"pressure_air";1006.72395833333
2017-02-01;"pressure_air";1002.44007936508
2017-03-01;"pressure_air";1001.54390681004
2017-04-01;"pressure_air";1003.56988425926
2017-05-01;"pressure_air";1002.80217293907
2017-06-01;"pressure_air";999.864722222222
2017-07-01;"pressure_air";998.459948559671
2017-08-01;"pressure_air";1005.22956989247
2010-07-01;"P";90.5
2010-08-01;"P";129.8
2010-09-01;"P";128.6
2010-10-01;"P";11.7
2010-11-01;"P";92.6
2010-12-01;"P";29.6
2011-01-01;"P";34.9
2011-02-01;"P";6.9
2011-03-01;"P";11.5
2011-04-01;"P";26.6
2011-05-01;"P";28.4
2011-06-01;"P";47.9
2011-07-01;"P";146.4
2011-08-01;"P";66.1
2011-09-01;"P";69
2011-10-01;"P";25.7
2011-11-01;"P";4
2011-12-01;"P";49.4
2012-01-01;"P";64.1
2012-02-01;"P";10.6
2012-03-01;"P";4.4
2012-04-01;"P";14.7
2012-05-01;"P";27.2
2012-06-01;"P";90.8
2012-07-01;"P";68.3
2012-08-01;"P";50.7
2012-09-01;"P";40.7
2012-10-01;"P";18.2
2012-11-01;"P";54.6
2012-12-01;"P";42.4
2013-01-01;"P";43.9
2013-02-01;"P";25
2013-03-01;"P";14.5
2013-04-01;"P";35.9
2013-05-01;"P";84.8
2013-06-01;"P";82.6
2013-07-01;"P";55.6
2013-08-01;"P";29
2013-09-01;"P";37.3
2013-10-01;"P";67.5
2013-11-01;"P";55.1
2013-12-01;"P";17.3
2014-01-01;"P";22.2
2014-02-01;"P";7.9
2014-03-01;"P";20
2014-04-01;"P";24
2014-05-01;"P";95
2014-06-01;"P";24.8
2014-07-01;"P";72.6
2014-08-01;"P";76.5
2014-09-01;"P";35.1
2014-10-01;"P";31.9
2014-11-01;"P";8
2014-12-01;"P";29.1
2015-01-01;"P";46.3
2015-02-01;"P";4.4
2015-03-01;"P";36.3
2015-04-01;"P";30.1
2015-05-01;"P";14.5
2015-06-01;"P";51.9
2015-07-01;"P";154.7
2015-08-01;"P";112.5
2015-09-01;"P";37.1
2015-10-01;"P";72.6
2015-11-01;"P";114.7
2015-12-01;"P";44
2016-01-01;"P";54.1
2016-02-01;"P";72.9
2016-03-01;"P";52.7
2016-04-01;"P";58
2016-05-01;"P";60.9
2016-06-01;"P";76.7
2016-07-01;"P";67.1
2016-08-01;"P";40.4
2016-09-01;"P";28.1
2016-10-01;"P";88.8
2016-11-01;"P";43.9
2016-12-01;"P";38.1
2017-01-01;"P";31.1
2017-02-01;"P";42.6
2017-03-01;"P";45.2
2017-04-01;"P";32.3
2017-05-01;"P";36.5
2017-06-01;"P";83.6
2017-07-01;"P";98.4
2017-08-01;"P";84.5
2010-07-01;"ET_haude";177.5
2010-08-01;"ET_haude";59.6
2010-09-01;"ET_haude";50
2010-10-01;"ET_haude";34.9
2010-11-01;"ET_haude";12
2010-12-01;"ET_haude";3.5
2011-01-01;"ET_haude";6.9
2011-02-01;"ET_haude";5.5
2011-03-01;"ET_haude";48.4
2011-04-01;"ET_haude";88.1
2011-05-01;"ET_haude";137.2
2011-06-01;"ET_haude";135.7
2011-07-01;"ET_haude";90.2
2011-08-01;"ET_haude";77.8
2011-09-01;"ET_haude";73
2011-10-01;"ET_haude";41.3
2011-11-01;"ET_haude";19.6
2011-12-01;"ET_haude";12.3
2012-01-01;"ET_haude";7.9
2012-02-01;"ET_haude";9.8
2012-03-01;"ET_haude";26.7
2012-04-01;"ET_haude";67.5
2012-05-01;"ET_haude";129.7
2012-06-01;"ET_haude";86.3
2012-07-01;"ET_haude";43.3
2012-08-01;"ET_haude";140.7
2012-09-01;"ET_haude";80.7
2012-10-01;"ET_haude";41.5
2012-11-01;"ET_haude";12.5
2012-12-01;"ET_haude";8.7
2013-01-01;"ET_haude";6
2013-02-01;"ET_haude";6.1
2013-03-01;"ET_haude";15.5
2013-04-01;"ET_haude";59.5
2013-05-01;"ET_haude";59.6
2013-06-01;"ET_haude";85.7
2013-07-01;"ET_haude";150.8
2013-08-01;"ET_haude";130.4
2013-09-01;"ET_haude";56.3
2013-10-01;"ET_haude";41.4
2013-11-01;"ET_haude";11.5
2013-12-01;"ET_haude";11.8
2014-01-01;"ET_haude";8.2
2014-02-01;"ET_haude";27.8
2014-03-01;"ET_haude";50.7
2014-04-01;"ET_haude";72.1
2014-05-01;"ET_haude";85.7
2014-06-01;"ET_haude";115.5
2014-07-01;"ET_haude";158.4
2014-08-01;"ET_haude";90
2014-09-01;"ET_haude";58.8
2014-10-01;"ET_haude";35.3
2014-11-01;"ET_haude";14.1
2014-12-01;"ET_haude";9.2
2015-01-01;"ET_haude";9.1
2015-02-01;"ET_haude";18.2
2015-03-01;"ET_haude";37.5
2015-04-01;"ET_haude";72.8
2015-05-01;"ET_haude";105.3
2015-06-01;"ET_haude";107.3
2015-07-01;"ET_haude";166.7
2015-08-01;"ET_haude";173.7
2015-09-01;"ET_haude";63.6
2015-10-01;"ET_haude";29.7
2015-11-01;"ET_haude";22.2
2015-12-01;"ET_haude";15.2
2016-01-01;"ET_haude";8.4
2016-02-01;"ET_haude";17
2016-03-01;"ET_haude";27
2016-04-01;"ET_haude";54.3
2016-05-01;"ET_haude";110
2016-06-01;"ET_haude";108.6
2016-07-01;"ET_haude";137.4
2016-08-01;"ET_haude";129.9
2016-09-01;"ET_haude";118.6
2016-10-01;"ET_haude";19.6
2016-11-01;"ET_haude";10.9
2016-12-01;"ET_haude";8.2
2017-01-01;"ET_haude";6.6
2017-02-01;"ET_haude";16.3
2017-03-01;"ET_haude";48.5
2017-04-01;"ET_haude";47.9
2017-05-01;"ET_haude";113.9
2017-06-01;"ET_haude";124.7
2017-07-01;"ET_haude";98.5
2017-08-01;"ET_haude";119
2010-07-01;"ET_penman";161.941
2010-08-01;"ET_penman";75.734
2010-09-01;"ET_penman";72.742
2010-10-01;"ET_penman";50.21
2010-11-01;"ET_penman";22.118
2010-12-01;"ET_penman";11.611
2011-01-01;"ET_penman";16.126
2011-02-01;"ET_penman";13.974
2011-03-01;"ET_penman";67.27
2011-04-01;"ET_penman";103.53
2011-05-01;"ET_penman";148.338
2011-06-01;"ET_penman";146.683
2011-07-01;"ET_penman";108.218
2011-08-01;"ET_penman";92.159
2011-09-01;"ET_penman";79.526
2011-10-01;"ET_penman";50.473
2011-11-01;"ET_penman";23.547
2011-12-01;"ET_penman";26.154
2012-01-01;"ET_penman";22.976
2012-02-01;"ET_penman";23.586
2012-03-01;"ET_penman";33.219
2012-04-01;"ET_penman";86.562
2012-05-01;"ET_penman";146.841
2012-06-01;"ET_penman";112.825
2012-07-01;"ET_penman";59.499
2012-08-01;"ET_penman";118.746
2012-09-01;"ET_penman";77.362
2012-10-01;"ET_penman";45.564
2012-11-01;"ET_penman";18.232
2012-12-01;"ET_penman";17.88
2013-01-01;"ET_penman";15.695
2013-02-01;"ET_penman";16.101
2013-03-01;"ET_penman";40.161
2013-04-01;"ET_penman";77.087
2013-05-01;"ET_penman";92.06
2013-06-01;"ET_penman";114.921
2013-07-01;"ET_penman";147.989
2013-08-01;"ET_penman";120.368
2013-09-01;"ET_penman";66.019
2013-10-01;"ET_penman";49.782
2013-11-01;"ET_penman";18.595
2013-12-01;"ET_penman";20.956
2014-01-01;"ET_penman";16.431
2014-02-01;"ET_penman";38.188
2014-03-01;"ET_penman";61.899
2014-04-01;"ET_penman";89.011
2014-05-01;"ET_penman";104.766
2014-06-01;"ET_penman";126.831
2014-07-01;"ET_penman";127.39
2014-08-01;"ET_penman";99.799
2014-09-01;"ET_penman";57.24
2014-10-01;"ET_penman";41.038
2014-11-01;"ET_penman";18.458
2014-12-01;"ET_penman";19.723
2015-01-01;"ET_penman";24.75
2015-02-01;"ET_penman";29.847
2015-03-01;"ET_penman";57.429
2015-04-01;"ET_penman";96.965
2015-05-01;"ET_penman";129.479
2015-06-01;"ET_penman";123.396
2015-07-01;"ET_penman";153.535
2015-08-01;"ET_penman";133.983
2015-09-01;"ET_penman";74.035
2015-10-01;"ET_penman";36.311
2015-11-01;"ET_penman";30.21
2015-12-01;"ET_penman";24.12
2016-01-01;"ET_penman";18.833
2016-02-01;"ET_penman";33.197
2016-03-01;"ET_penman";44.549
2016-04-01;"ET_penman";82.939
2016-05-01;"ET_penman";136.086
2016-06-01;"ET_penman";118.489
2016-07-01;"ET_penman";129.089
2016-08-01;"ET_penman";119.098
2016-09-01;"ET_penman";92.982
2016-10-01;"ET_penman";26.119
2016-11-01;"ET_penman";19.781
2016-12-01;"ET_penman";18.195
2017-01-01;"ET_penman";16.694
2017-02-01;"ET_penman";29.495
2017-03-01;"ET_penman";64.3
2017-04-01;"ET_penman";79.381
2017-05-01;"ET_penman";127.16
2017-06-01;"ET_penman";141.981
2017-07-01;"ET_penman";108.076
2017-08-01;"ET_penman";118.753
